{
    "PINYIN_MAP": {
        "阿富汗": "Afghanistan",
        "阿尔巴尼亚": "Albania",
        "阿尔及利亚": "Algeria",
        "安道尔": "Andorra",
        "安哥拉": "Angola",
        "安圭拉": "Anguilla",
        "安提瓜和巴布达": "Antigua_and_Barbuda",
        "阿根廷": "Argentina",
        "亚美尼亚": "Armenia",
        "澳大利亚": "Australia",
        "奥地利": "Austria",
        "阿塞拜疆": "Azerbaijan",
        "巴林": "Bahrain",
        "孟加拉国": "Bangladesh",
        "巴巴多斯": "Barbados",
        "白俄罗斯": "Belarus",
        "比利时": "Belgium",
        "伯利兹": "Belize",
        "贝宁": "Benin",
        "百慕达群岛": "Bermuda",
        "不丹": "Bhutan",
        "玻利维亚": "Bolivia",
        "波斯尼亚-黑塞哥维那": "Bosnia_and_Herzegovina",
        "博茨瓦纳": "Botswana",
        "巴西": "Brazil",
        "英属印度洋领地": "British_Indian_Ocean_Territory",
        "英属维尔京群岛": "British_Virgin_Islands",
        "文莱": "Brunei",
        "保加利亚": "Bulgaria",
        "布基纳法索": "Burkina_Faso",
        "蒲隆地": "Burundi",
        "柬埔寨": "Cambodia",
        "喀麦隆": "Cameroon",
        "加拿大": "Canada",
        "佛得角": "Cape_Verde",
        "开曼群岛": "Cayman_Islands",
        "中非共和国": "Central_African_Republic",
        "乍得": "Chad",
        "智利": "Chile",
        "哥伦比亚": "Colombia",
        "科摩罗": "Comoros",
        "刚果-布拉柴维尔": "Congo-Brazzaville",
        "刚果金": "Congo-Kinshasa",
        "库克群岛": "Cook_Islands",
        "珊瑚海群岛领地": "Coral_Sea_Islands_Territory",
        "哥斯达黎加": "Costa_Rica",
        "克罗地亚": "Croatia",
        "古巴": "Cuba",
        "塞浦路斯": "Cyprus",
        "捷克": "Czechia",
        "丹麦": "Denmark",
        "吉布提": "Djibouti",
        "多米尼克": "Dominica",
        "多米尼加共和国": "Dominican_Republic",
        "东帝汶": "East_Timor",
        "厄瓜多尔": "Ecuador",
        "埃及": "Egypt",
        "萨尔瓦多": "El_Salvador",
        "赤道几内亚": "Equatorial_Guinea",
        "厄立特里亚": "Eritrea",
        "爱沙尼亚": "Estonia",
        "埃塞俄比亚": "Ethiopia",
        "福克兰群岛": "Falkland_Islands",
        "法罗群岛": "Faroe_Islands",
        "密克罗尼西亚联邦": "Federated_States_of_Micronesia",
        "斐济": "Fiji",
        "芬兰": "Finland",
        "法国": "France",
        "加蓬": "Gabon",
        "格鲁吉亚": "Georgia",
        "德国": "Germany",
        "加纳": "Ghana",
        "直布罗陀": "Gibraltar",
        "希腊": "Greece",
        "格陵兰": "Greenland",
        "危地马拉": "Guatemala",
        "根西": "Guernsey",
        "几内亚比索": "Guinea-Bissau",
        "几内亚": "Guinea",
        "圭亚那": "Guyana",
        "海地": "Haiti",
        "洪都拉斯": "Honduras",
        "匈牙利": "Hungary",
        "冰岛": "Iceland",
        "印度": "India",
        "印度尼西亚, 印尼": "Indonesia",
        "伊拉克": "Iraq",
        "爱尔兰": "Ireland",
        "伊朗": "Islamic_Republic_of_Iran",
        "马恩岛": "Isle_of_Man",
        "以色列": "Israel",
        "意大利": "Italy",
        "牙买加": "Jamaica",
        "日本": "Japan",
        "泽西": "Jersey",
        "约旦": "Jordan",
        "哈萨克斯坦": "Kazakhstan",
        "肯尼亚": "Kenya",
        "基里巴斯": "Kiribati",
        "科威特": "Kuwait",
        "吉尔吉斯斯坦": "Kyrgyzstan",
        "老挝": "Laos",
        "拉脱维亚": "Latvia",
        "黎巴嫩": "Lebanon",
        "莱索托": "Lesotho",
        "利比里亚": "Liberia",
        "利比亚": "Libya",
        "列支敦士登": "Liechtenstein",
        "立陶宛": "Lithuania",
        "卢森堡": "Luxemburg",
        "马其顿": "Macedonia",
        "马达加斯加": "Madagascar",
        "马拉维": "Malawi",
        "马来西亚": "Malaysia",
        "马尔代夫": "Maldives",
        "马里": "Mali",
        "马耳他": "Malta",
        "马绍尔群岛": "Marshall_Islands",
        "毛里塔尼亚": "Mauritania",
        "毛里求斯": "Mauritius",
        "墨西哥": "Mexico",
        "摩尔多瓦": "Moldova",
        "摩纳哥": "Monaco",
        "蒙古": "Mongolia",
        "黑山": "Montenegro",
        "蒙特塞拉特": "Montserrat",
        "摩洛哥": "Morocco",
        "莫桑比克": "Mozambique",
        "缅甸": "Myanmar",
        "纳米比亚": "Namibia",
        "尼泊尔": "Nepal",
        "新西兰": "New_Zealand",
        "尼加拉瓜": "Nicaragua",
        "尼日尔": "Niger",
        "尼日利亚": "Nigeria",
        "纽埃": "Niue",
        "朝鲜": "North_Korea",
        "挪威": "Norway",
        "阿曼": "Oman",
        "巴基斯坦": "Pakistan",
        "帕劳": "Palau",
        "巴勒斯坦": "Palestine",
        "巴拿马": "Panama",
        "巴布亚新几内亚": "Papua_New_Guinea",
        "巴拉圭": "Paraguay",
        "秘鲁": "Peru",
        "菲律宾": "Philippines",
        "皮特凱恩群島": "Pitcairn_Islands",
        "波兰": "Poland",
        "葡萄牙": "Portugal",
        "卡塔尔": "Qatar",
        "科索沃": "Republic_of_Kosovo",
        "罗马尼亚": "Romania",
        "俄罗斯": "Russia",
        "卢旺达": "Rwanda",
        "撒拉威阿拉伯民主共和国": "Sahrawi_Arab_Democratic_Republic",
        "圣赫勒拿-阿森松和特里斯坦-达库尼亚": "Saint_Helena_Ascension_and_Tristan_da_Cunha",
        "圣基茨和尼维斯": "Saint_Kitts_and_Nevis",
        "圣卢西亚": "Saint_Lucia",
        "圣文森特和格林纳丁斯": "Saint_Vincent_and_the_Grenadines",
        "萨摩亚": "Samoa",
        "圣马力诺": "San_Marino",
        "沙特阿拉伯": "Saudi_Arabia",
        "塞内加尔": "Senegal",
        "塞尔维亚": "Serbia",
        "塞舌尔": "Seychelles",
        "塞拉利昂": "Sierra_Leone",
        "新加坡": "Singapore",
        "斯洛伐克": "Slovakia",
        "斯洛文尼亚": "Slovenia",
        "所罗门群岛": "Solomon_Islands",
        "索马里": "Somalia",
        "南非": "South_Africa",
        "南乔治亚和南桑威奇群岛": "South_Georgia_and_the_South_Sandwich_Islands",
        "韩国": "South_Korea",
        "南苏丹": "South_Sudan",
        "西班牙": "Spain",
        "斯里兰卡": "Sri_Lanka",
        "苏丹": "Sudan",
        "苏里南": "Suriname",
        "史瓦济兰": "Swaziland",
        "瑞士": "Switzerland",
        "瑞典": "Sweden",
        "叙利亚": "Syria",
        "塔吉克斯坦": "Tajikistan",
        "坦桑尼亚": "Tanzania",
        "泰国": "Thailand",
        "巴哈马": "The_Bahamas",
        "冈比亚": "The_Gambia",
        "荷兰": "The_Netherlands",
        "多哥": "Togo",
        "托克劳": "Tokelau",
        "汤加": "Tonga",
        "特立尼达和多巴哥": "Trinidad_and_Tobago",
        "突尼斯": "Tunisia",
        "土耳其": "Turkey",
        "土库曼": "Turkmenistan",
        "特克斯和凯科斯群岛": "Turks_and_Caicos_Islands",
        "吐瓦鲁": "Tuvalu",
        "乌干达": "Uganda",
        "乌克兰": "Ukraine",
        "阿拉伯联合酋长国": "United_Arab_Emirates",
        "英国": "United_Kingdom",
        "乌拉圭": "Uruguay",
        "美国": "USA",
        "乌兹别克斯坦": "Uzbekistan",
        "瓦努阿图": "Vanuatu",
        "梵蒂冈": "Vatican_City",
        "委内瑞拉": "Venezuela",
        "越南": "Vietnam",
        "也门": "Yemen",
        "赞比亚": "Zambia",
        "津巴布韦": "Zimbabwe"
    },
    "FILE_MAP": {
        "Afghanistan": "Afghanistan",
        "Albania": "Albania",
        "Algeria": "Algeria",
        "Andorra": "Andorra",
        "Angola": "Angola",
        "Anguilla": "Anguilla",
        "Antigua_and_Barbuda": "Antigua_and_Barbuda",
        "Argentina": "Argentina",
        "Armenia": "Armenia",
        "Australia": "Australia",
        "Austria": "Austria",
        "Azerbaijan": "Azerbaijan",
        "Bahrain": "Bahrain",
        "Bangladesh": "Bangladesh",
        "Barbados": "Barbados",
        "Belarus": "Belarus",
        "Belgium": "Belgium",
        "Belize": "Belize",
        "Benin": "Benin",
        "Bermuda": "Bermuda",
        "Bhutan": "Bhutan",
        "Bolivia": "Bolivia",
        "Bosnia_and_Herzegovina": "Bosnia_and_Herzegovina",
        "Botswana": "Botswana",
        "Brazil": "Brazil",
        "British_Indian_Ocean_Territory": "British_Indian_Ocean_Territory",
        "British_Virgin_Islands": "British_Virgin_Islands",
        "Brunei": "Brunei",
        "Bulgaria": "Bulgaria",
        "Burkina_Faso": "Burkina_Faso",
        "Burundi": "Burundi",
        "Cambodia": "Cambodia",
        "Cameroon": "Cameroon",
        "Canada": "Canada",
        "Cape_Verde": "Cape_Verde",
        "Cayman_Islands": "Cayman_Islands",
        "Central_African_Republic": "Central_African_Republic",
        "Chad": "Chad",
        "Chile": "Chile",
        "Colombia": "Colombia",
        "Comoros": "Comoros",
        "Congo-Brazzaville": "Congo-Brazzaville",
        "Congo-Kinshasa": "Congo-Kinshasa",
        "Cook_Islands": "Cook_Islands",
        "Coral_Sea_Islands_Territory": "Coral_Sea_Islands_Territory",
        "Costa_Rica": "Costa_Rica",
        "Croatia": "Croatia",
        "Cuba": "Cuba",
        "Cyprus": "Cyprus",
        "Czechia": "Czechia",
        "Denmark": "Denmark",
        "Djibouti": "Djibouti",
        "Dominica": "Dominica",
        "Dominican_Republic": "Dominican_Republic",
        "East_Timor": "East_Timor",
        "Ecuador": "Ecuador",
        "Egypt": "Egypt",
        "El_Salvador": "El_Salvador",
        "Equatorial_Guinea": "Equatorial_Guinea",
        "Eritrea": "Eritrea",
        "Estonia": "Estonia",
        "Ethiopia": "Ethiopia",
        "Falkland_Islands": "Falkland_Islands",
        "Faroe_Islands": "Faroe_Islands",
        "Federated_States_of_Micronesia": "Federated_States_of_Micronesia",
        "Fiji": "Fiji",
        "Finland": "Finland",
        "France": "France",
        "Gabon": "Gabon",
        "Georgia": "Georgia",
        "Germany": "Germany",
        "Ghana": "Ghana",
        "Gibraltar": "Gibraltar",
        "Greece": "Greece",
        "Greenland": "Greenland",
        "Guatemala": "Guatemala",
        "Guernsey": "Guernsey",
        "Guinea-Bissau": "Guinea-Bissau",
        "Guinea": "Guinea",
        "Guyana": "Guyana",
        "Haiti": "Haiti",
        "Honduras": "Honduras",
        "Hungary": "Hungary",
        "Iceland": "Iceland",
        "India": "India",
        "Indonesia": "Indonesia",
        "Iraq": "Iraq",
        "Ireland": "Ireland",
        "Islamic_Republic_of_Iran": "Islamic_Republic_of_Iran",
        "Isle_of_Man": "Isle_of_Man",
        "Israel": "Israel",
        "Italy": "Italy",
        "Jamaica": "Jamaica",
        "Japan": "Japan",
        "Jersey": "Jersey",
        "Jordan": "Jordan",
        "Kazakhstan": "Kazakhstan",
        "Kenya": "Kenya",
        "Kiribati": "Kiribati",
        "Kuwait": "Kuwait",
        "Kyrgyzstan": "Kyrgyzstan",
        "Laos": "Laos",
        "Latvia": "Latvia",
        "Lebanon": "Lebanon",
        "Lesotho": "Lesotho",
        "Liberia": "Liberia",
        "Libya": "Libya",
        "Liechtenstein": "Liechtenstein",
        "Lithuania": "Lithuania",
        "Luxemburg": "Luxemburg",
        "Macedonia": "Macedonia",
        "Madagascar": "Madagascar",
        "Malawi": "Malawi",
        "Malaysia": "Malaysia",
        "Maldives": "Maldives",
        "Mali": "Mali",
        "Malta": "Malta",
        "Marshall_Islands": "Marshall_Islands",
        "Mauritania": "Mauritania",
        "Mauritius": "Mauritius",
        "Mexico": "Mexico",
        "Moldova": "Moldova",
        "Monaco": "Monaco",
        "Mongolia": "Mongolia",
        "Montenegro": "Montenegro",
        "Montserrat": "Montserrat",
        "Morocco": "Morocco",
        "Mozambique": "Mozambique",
        "Myanmar": "Myanmar",
        "Namibia": "Namibia",
        "Nepal": "Nepal",
        "New_Zealand": "New_Zealand",
        "Nicaragua": "Nicaragua",
        "Niger": "Niger",
        "Nigeria": "Nigeria",
        "Niue": "Niue",
        "North_Korea": "North_Korea",
        "Norway": "Norway",
        "Oman": "Oman",
        "Pakistan": "Pakistan",
        "Palau": "Palau",
        "Palestine": "Palestine",
        "Panama": "Panama",
        "Papua_New_Guinea": "Papua_New_Guinea",
        "Paraguay": "Paraguay",
        "Peru": "Peru",
        "Philippines": "Philippines",
        "Pitcairn_Islands": "Pitcairn_Islands",
        "Poland": "Poland",
        "Portugal": "Portugal",
        "Qatar": "Qatar",
        "Republic_of_Kosovo": "Republic_of_Kosovo",
        "Romania": "Romania",
        "Russia": "Russia",
        "Rwanda": "Rwanda",
        "Sahrawi_Arab_Democratic_Republic": "Sahrawi_Arab_Democratic_Republic",
        "Saint_Helena_Ascension_and_Tristan_da_Cunha": "Saint_Helena_Ascension_and_Tristan_da_Cunha",
        "Saint_Kitts_and_Nevis": "Saint_Kitts_and_Nevis",
        "Saint_Lucia": "Saint_Lucia",
        "Saint_Vincent_and_the_Grenadines": "Saint_Vincent_and_the_Grenadines",
        "Samoa": "Samoa",
        "San_Marino": "San_Marino",
        "Saudi_Arabia": "Saudi_Arabia",
        "Senegal": "Senegal",
        "Serbia": "Serbia",
        "Seychelles": "Seychelles",
        "Sierra_Leone": "Sierra_Leone",
        "Singapore": "Singapore",
        "Slovakia": "Slovakia",
        "Slovenia": "Slovenia",
        "Solomon_Islands": "Solomon_Islands",
        "Somalia": "Somalia",
        "South_Africa": "South_Africa",
        "South_Georgia_and_the_South_Sandwich_Islands": "South_Georgia_and_the_South_Sandwich_Islands",
        "South_Korea": "South_Korea",
        "South_Sudan": "South_Sudan",
        "Spain": "Spain",
        "Sri_Lanka": "Sri_Lanka",
        "Sudan": "Sudan",
        "Suriname": "Suriname",
        "Swaziland": "Swaziland",
        "Switzerland": "Switzerland",
        "Sweden": "Sweden",
        "Syria": "Syria",
        "Tajikistan": "Tajikistan",
        "Tanzania": "Tanzania",
        "Thailand": "Thailand",
        "The_Bahamas": "The_Bahamas",
        "The_Gambia": "The_Gambia",
        "The_Netherlands": "The_Netherlands",
        "Togo": "Togo",
        "Tokelau": "Tokelau",
        "Tonga": "Tonga",
        "Trinidad_and_Tobago": "Trinidad_and_Tobago",
        "Tunisia": "Tunisia",
        "Turkey": "Turkey",
        "Turkmenistan": "Turkmenistan",
        "Turks_and_Caicos_Islands": "Turks_and_Caicos_Islands",
        "Tuvalu": "Tuvalu",
        "Uganda": "Uganda",
        "Ukraine": "Ukraine",
        "United_Arab_Emirates": "United_Arab_Emirates",
        "United_Kingdom": "United_Kingdom",
        "Uruguay": "Uruguay",
        "USA": "USA",
        "Uzbekistan": "Uzbekistan",
        "Vanuatu": "Vanuatu",
        "Vatican_City": "Vatican_City",
        "Venezuela": "Venezuela",
        "Vietnam": "Vietnam",
        "Yemen": "Yemen",
        "Zambia": "Zambia",
        "Zimbabwe": "Zimbabwe",
        "china": "china",
        "world": "world",
        "eckert3-world": "eckert3-world",
        "china-cities": "china-cities"
    },
    "JUPYTER_URL": "/nbextensions/echarts-countries-js",
    "JUPYTER_ENTRY": "echarts-countries-js/index",
    "GITHUB_URL": "https://echarts-maps.github.io/echarts-countries-js",
    "JS_FOLDER": "echarts-countries-js"
}